{"accuracy": [0.50390625, 0.796875, 0.921875, 0.88671875, 0.90625, 0.9375, 0.93359375, 0.95703125, 0.984375, 0.98046875, 0.98828125, 0.98828125, 0.984375, 0.99609375, 0.9921875, 0.9921875, 0.99609375, 1.0, 0.99609375, 1.0], "loss": [0.691875696182251, 0.6722341775894165, 0.6332929134368896, 0.549095094203949, 0.4139025807380676, 0.2576324939727783, 0.21619221568107605, 0.18199275434017181, 0.1350494921207428, 0.09290578216314316, 0.06328505277633667, 0.06136268004775047, 0.05094476044178009, 0.03581566363573074, 0.032112885266542435, 0.029681988060474396, 0.02375376969575882, 0.017442736774683, 0.016829710453748703, 0.01128578931093216], "val_accuracy": [0.59375, 0.78125, 0.84375, 0.765625, 0.796875, 0.953125, 0.890625, 0.921875, 0.875, 0.84375, 0.9375, 0.921875, 0.921875, 0.921875, 0.90625, 0.90625, 0.921875, 0.921875, 0.921875, 0.921875], "val_loss": [0.682846188545227, 0.6662585735321045, 0.6240726709365845, 0.5372937917709351, 0.437114417552948, 0.3012949824333191, 0.334933340549469, 0.29935431480407715, 0.2818765938282013, 0.2759903073310852, 0.22557207942008972, 0.21819908916950226, 0.2326238453388214, 0.2380748838186264, 0.2429676055908203, 0.24690410494804382, 0.24752852320671082, 0.24713224172592163, 0.247879758477211, 0.24957779049873352]}