{"accuracy": [0.6079545617103577, 0.7073863744735718, 0.7997159361839294, 0.8480113744735718, 0.8764204382896423, 0.9034090638160706, 0.9204545617103577, 0.9403409361839294, 0.9588068127632141, 0.9644886255264282, 0.9786931872367859, 0.9801136255264282], "loss": [0.6701228618621826, 0.5888600945472717, 0.49335572123527527, 0.37851354479789734, 0.31325599551200867, 0.24957944452762604, 0.21572628617286682, 0.19379884004592896, 0.14584608376026154, 0.1006263792514801, 0.08305185288190842, 0.05743306875228882], "val_accuracy": [0.6327683329582214, 0.790960431098938, 0.8248587846755981, 0.8361582159996033, 0.8192090392112732, 0.8192090392112732, 0.8361582159996033, 0.8079096078872681, 0.8192090392112732, 0.8248587846755981, 0.7966101765632629, 0.7853107452392578], "val_loss": [0.6143271327018738, 0.5183707475662231, 0.44222790002822876, 0.43543514609336853, 0.454191654920578, 0.47625595331192017, 0.6001333594322205, 0.5434650778770447, 0.5795965790748596, 0.6859288811683655, 0.7446689009666443, 0.8021593689918518]}